[{"model": "contenttypes.contenttype", "pk": 1, "fields": {"app_label": "admin", "model": "logentry"}}, {"model": "contenttypes.contenttype", "pk": 2, "fields": {"app_label": "auth", "model": "permission"}}, {"model": "contenttypes.contenttype", "pk": 3, "fields": {"app_label": "auth", "model": "group"}}, {"model": "contenttypes.contenttype", "pk": 4, "fields": {"app_label": "contenttypes", "model": "contenttype"}}, {"model": "contenttypes.contenttype", "pk": 5, "fields": {"app_label": "sessions", "model": "session"}}, {"model": "contenttypes.contenttype", "pk": 6, "fields": {"app_label": "customuser", "model": "customuser"}}, {"model": "contenttypes.contenttype", "pk": 7, "fields": {"app_label": "foo", "model": "bar"}}, {"model": "contenttypes.contenttype", "pk": 8, "fields": {"app_label": "foo", "model": "multibar"}}, {"model": "contenttypes.contenttype", "pk": 9, "fields": {"app_label": "foo", "model": "foo"}}, {"model": "contenttypes.contenttype", "pk": 10, "fields": {"app_label": "client", "model": "client"}}, {"model": "contenttypes.contenttype", "pk": 11, "fields": {"app_label": "tag", "model": "tag"}}, {"model": "contenttypes.contenttype", "pk": 12, "fields": {"app_label": "project", "model": "project"}}, {"model": "contenttypes.contenttype", "pk": 13, "fields": {"app_label": "user", "model": "user"}}, {"model": "contenttypes.contenttype", "pk": 14, "fields": {"app_label": "timesheet", "model": "timesheet"}}, {"model": "contenttypes.contenttype", "pk": 15, "fields": {"app_label": "task", "model": "task"}}, {"model": "sessions.session", "pk": "0kmhvqqmngah94wiho3fbznp9abhnp10", "fields": {"session_data": "MzExMTU2M2Y2OWM5MTM3NDY0NGE0MGUyNmIzNTU0OTk3MmQ3ZmYwNTp7Il9hdXRoX3VzZXJfaWQiOiIxIiwiX2F1dGhfdXNlcl9iYWNrZW5kIjoiZGphbmdvLmNvbnRyaWIuYXV0aC5iYWNrZW5kcy5Nb2RlbEJhY2tlbmQiLCJfYXV0aF91c2VyX2hhc2giOiIzYTIzNzFiYTkzZWFjOTMyNzVmZmFmNThhM2ZkNWMwY2U3OWE4N2YzIn0=", "expire_date": "2020-08-06T10:25:27.111Z"}}, {"model": "sessions.session", "pk": "3u16aqjowihxqbdzk04ritu8t2p31mxd", "fields": {"session_data": "MzExMTU2M2Y2OWM5MTM3NDY0NGE0MGUyNmIzNTU0OTk3MmQ3ZmYwNTp7Il9hdXRoX3VzZXJfaWQiOiIxIiwiX2F1dGhfdXNlcl9iYWNrZW5kIjoiZGphbmdvLmNvbnRyaWIuYXV0aC5iYWNrZW5kcy5Nb2RlbEJhY2tlbmQiLCJfYXV0aF91c2VyX2hhc2giOiIzYTIzNzFiYTkzZWFjOTMyNzVmZmFmNThhM2ZkNWMwY2U3OWE4N2YzIn0=", "expire_date": "2020-08-06T13:22:56.809Z"}}, {"model": "sessions.session", "pk": "6pmpc6i2rg59gghifgpb7ouz5kn71qm5", "fields": {"session_data": "Yzc4NGFjYTY3NDBmZmYwMTJiYzZlZjYzMjA3ZmY3OGEyZDQ5NjUwNTp7Il9hdXRoX3VzZXJfaWQiOiIxIiwiX2F1dGhfdXNlcl9iYWNrZW5kIjoiZGphbmdvLmNvbnRyaWIuYXV0aC5iYWNrZW5kcy5Nb2RlbEJhY2tlbmQiLCJfYXV0aF91c2VyX2hhc2giOiIzYTIzNzFiYTkzZWFjOTMyNzVmZmFmNThhM2ZkNWMwY2U3OWE4N2YzIiwiX2xhbmd1YWdlIjoiMSJ9", "expire_date": "2020-06-19T16:46:20.300Z"}}, {"model": "sessions.session", "pk": "c7ztyhb38xnqi2hp9nft4bz0nc7fj285", "fields": {"session_data": "Yzc4NGFjYTY3NDBmZmYwMTJiYzZlZjYzMjA3ZmY3OGEyZDQ5NjUwNTp7Il9hdXRoX3VzZXJfaWQiOiIxIiwiX2F1dGhfdXNlcl9iYWNrZW5kIjoiZGphbmdvLmNvbnRyaWIuYXV0aC5iYWNrZW5kcy5Nb2RlbEJhY2tlbmQiLCJfYXV0aF91c2VyX2hhc2giOiIzYTIzNzFiYTkzZWFjOTMyNzVmZmFmNThhM2ZkNWMwY2U3OWE4N2YzIiwiX2xhbmd1YWdlIjoiMSJ9", "expire_date": "2020-06-29T08:50:49.372Z"}}, {"model": "sessions.session", "pk": "fljn7q7c3od3zuvg2npa8j6j79c2gw6q", "fields": {"session_data": "MzExMTU2M2Y2OWM5MTM3NDY0NGE0MGUyNmIzNTU0OTk3MmQ3ZmYwNTp7Il9hdXRoX3VzZXJfaWQiOiIxIiwiX2F1dGhfdXNlcl9iYWNrZW5kIjoiZGphbmdvLmNvbnRyaWIuYXV0aC5iYWNrZW5kcy5Nb2RlbEJhY2tlbmQiLCJfYXV0aF91c2VyX2hhc2giOiIzYTIzNzFiYTkzZWFjOTMyNzVmZmFmNThhM2ZkNWMwY2U3OWE4N2YzIn0=", "expire_date": "2020-06-30T08:46:55.543Z"}}, {"model": "sessions.session", "pk": "j0gvjqnifzopt48tm7f6ks3z5c6ee13c", "fields": {"session_data": "Yzc4NGFjYTY3NDBmZmYwMTJiYzZlZjYzMjA3ZmY3OGEyZDQ5NjUwNTp7Il9hdXRoX3VzZXJfaWQiOiIxIiwiX2F1dGhfdXNlcl9iYWNrZW5kIjoiZGphbmdvLmNvbnRyaWIuYXV0aC5iYWNrZW5kcy5Nb2RlbEJhY2tlbmQiLCJfYXV0aF91c2VyX2hhc2giOiIzYTIzNzFiYTkzZWFjOTMyNzVmZmFmNThhM2ZkNWMwY2U3OWE4N2YzIiwiX2xhbmd1YWdlIjoiMSJ9", "expire_date": "2020-06-25T09:00:46.067Z"}}, {"model": "sessions.session", "pk": "l1tpgwm7zy0ti8u6w1ccpg10j2mml46b", "fields": {"session_data": "Yzc4NGFjYTY3NDBmZmYwMTJiYzZlZjYzMjA3ZmY3OGEyZDQ5NjUwNTp7Il9hdXRoX3VzZXJfaWQiOiIxIiwiX2F1dGhfdXNlcl9iYWNrZW5kIjoiZGphbmdvLmNvbnRyaWIuYXV0aC5iYWNrZW5kcy5Nb2RlbEJhY2tlbmQiLCJfYXV0aF91c2VyX2hhc2giOiIzYTIzNzFiYTkzZWFjOTMyNzVmZmFmNThhM2ZkNWMwY2U3OWE4N2YzIiwiX2xhbmd1YWdlIjoiMSJ9", "expire_date": "2020-06-24T16:30:41.580Z"}}, {"model": "sessions.session", "pk": "udx3gu5asfpyhxcq3lvvd291ybq93wfz", "fields": {"session_data": "MzExMTU2M2Y2OWM5MTM3NDY0NGE0MGUyNmIzNTU0OTk3MmQ3ZmYwNTp7Il9hdXRoX3VzZXJfaWQiOiIxIiwiX2F1dGhfdXNlcl9iYWNrZW5kIjoiZGphbmdvLmNvbnRyaWIuYXV0aC5iYWNrZW5kcy5Nb2RlbEJhY2tlbmQiLCJfYXV0aF91c2VyX2hhc2giOiIzYTIzNzFiYTkzZWFjOTMyNzVmZmFmNThhM2ZkNWMwY2U3OWE4N2YzIn0=", "expire_date": "2020-06-29T08:57:42.239Z"}}, {"model": "sessions.session", "pk": "wv0ce9jx41ixyhlpif606ln4f5dd54hk", "fields": {"session_data": "Yzc4NGFjYTY3NDBmZmYwMTJiYzZlZjYzMjA3ZmY3OGEyZDQ5NjUwNTp7Il9hdXRoX3VzZXJfaWQiOiIxIiwiX2F1dGhfdXNlcl9iYWNrZW5kIjoiZGphbmdvLmNvbnRyaWIuYXV0aC5iYWNrZW5kcy5Nb2RlbEJhY2tlbmQiLCJfYXV0aF91c2VyX2hhc2giOiIzYTIzNzFiYTkzZWFjOTMyNzVmZmFmNThhM2ZkNWMwY2U3OWE4N2YzIiwiX2xhbmd1YWdlIjoiMSJ9", "expire_date": "2020-07-01T09:29:07.060Z"}}, {"model": "auth.permission", "pk": 1, "fields": {"name": "Can add log entry", "content_type": 1, "codename": "add_logentry"}}, {"model": "auth.permission", "pk": 2, "fields": {"name": "Can change log entry", "content_type": 1, "codename": "change_logentry"}}, {"model": "auth.permission", "pk": 3, "fields": {"name": "Can delete log entry", "content_type": 1, "codename": "delete_logentry"}}, {"model": "auth.permission", "pk": 4, "fields": {"name": "Can view log entry", "content_type": 1, "codename": "view_logentry"}}, {"model": "auth.permission", "pk": 5, "fields": {"name": "Can add permission", "content_type": 2, "codename": "add_permission"}}, {"model": "auth.permission", "pk": 6, "fields": {"name": "Can change permission", "content_type": 2, "codename": "change_permission"}}, {"model": "auth.permission", "pk": 7, "fields": {"name": "Can delete permission", "content_type": 2, "codename": "delete_permission"}}, {"model": "auth.permission", "pk": 8, "fields": {"name": "Can view permission", "content_type": 2, "codename": "view_permission"}}, {"model": "auth.permission", "pk": 9, "fields": {"name": "Can add group", "content_type": 3, "codename": "add_group"}}, {"model": "auth.permission", "pk": 10, "fields": {"name": "Can change group", "content_type": 3, "codename": "change_group"}}, {"model": "auth.permission", "pk": 11, "fields": {"name": "Can delete group", "content_type": 3, "codename": "delete_group"}}, {"model": "auth.permission", "pk": 12, "fields": {"name": "Can view group", "content_type": 3, "codename": "view_group"}}, {"model": "auth.permission", "pk": 13, "fields": {"name": "Can add content type", "content_type": 4, "codename": "add_contenttype"}}, {"model": "auth.permission", "pk": 14, "fields": {"name": "Can change content type", "content_type": 4, "codename": "change_contenttype"}}, {"model": "auth.permission", "pk": 15, "fields": {"name": "Can delete content type", "content_type": 4, "codename": "delete_contenttype"}}, {"model": "auth.permission", "pk": 16, "fields": {"name": "Can view content type", "content_type": 4, "codename": "view_contenttype"}}, {"model": "auth.permission", "pk": 17, "fields": {"name": "Can add session", "content_type": 5, "codename": "add_session"}}, {"model": "auth.permission", "pk": 18, "fields": {"name": "Can change session", "content_type": 5, "codename": "change_session"}}, {"model": "auth.permission", "pk": 19, "fields": {"name": "Can delete session", "content_type": 5, "codename": "delete_session"}}, {"model": "auth.permission", "pk": 20, "fields": {"name": "Can view session", "content_type": 5, "codename": "view_session"}}, {"model": "auth.permission", "pk": 21, "fields": {"name": "Can add user", "content_type": 6, "codename": "add_customuser"}}, {"model": "auth.permission", "pk": 22, "fields": {"name": "Can change user", "content_type": 6, "codename": "change_customuser"}}, {"model": "auth.permission", "pk": 23, "fields": {"name": "Can delete user", "content_type": 6, "codename": "delete_customuser"}}, {"model": "auth.permission", "pk": 24, "fields": {"name": "Can view user", "content_type": 6, "codename": "view_customuser"}}, {"model": "auth.permission", "pk": 25, "fields": {"name": "Can add Bar", "content_type": 7, "codename": "add_bar"}}, {"model": "auth.permission", "pk": 26, "fields": {"name": "Can change Bar", "content_type": 7, "codename": "change_bar"}}, {"model": "auth.permission", "pk": 27, "fields": {"name": "Can delete Bar", "content_type": 7, "codename": "delete_bar"}}, {"model": "auth.permission", "pk": 28, "fields": {"name": "Can view Bar", "content_type": 7, "codename": "view_bar"}}, {"model": "auth.permission", "pk": 29, "fields": {"name": "Can add Multibar", "content_type": 8, "codename": "add_multibar"}}, {"model": "auth.permission", "pk": 30, "fields": {"name": "Can change Multibar", "content_type": 8, "codename": "change_multibar"}}, {"model": "auth.permission", "pk": 31, "fields": {"name": "Can delete Multibar", "content_type": 8, "codename": "delete_multibar"}}, {"model": "auth.permission", "pk": 32, "fields": {"name": "Can view Multibar", "content_type": 8, "codename": "view_multibar"}}, {"model": "auth.permission", "pk": 33, "fields": {"name": "Can add Foo", "content_type": 9, "codename": "add_foo"}}, {"model": "auth.permission", "pk": 34, "fields": {"name": "Can change Foo", "content_type": 9, "codename": "change_foo"}}, {"model": "auth.permission", "pk": 35, "fields": {"name": "Can delete Foo", "content_type": 9, "codename": "delete_foo"}}, {"model": "auth.permission", "pk": 36, "fields": {"name": "Can view Foo", "content_type": 9, "codename": "view_foo"}}, {"model": "auth.permission", "pk": 37, "fields": {"name": "Can add client", "content_type": 10, "codename": "add_client"}}, {"model": "auth.permission", "pk": 38, "fields": {"name": "Can change client", "content_type": 10, "codename": "change_client"}}, {"model": "auth.permission", "pk": 39, "fields": {"name": "Can delete client", "content_type": 10, "codename": "delete_client"}}, {"model": "auth.permission", "pk": 40, "fields": {"name": "Can view client", "content_type": 10, "codename": "view_client"}}, {"model": "auth.permission", "pk": 41, "fields": {"name": "Can add tag", "content_type": 11, "codename": "add_tag"}}, {"model": "auth.permission", "pk": 42, "fields": {"name": "Can change tag", "content_type": 11, "codename": "change_tag"}}, {"model": "auth.permission", "pk": 43, "fields": {"name": "Can delete tag", "content_type": 11, "codename": "delete_tag"}}, {"model": "auth.permission", "pk": 44, "fields": {"name": "Can view tag", "content_type": 11, "codename": "view_tag"}}, {"model": "auth.permission", "pk": 45, "fields": {"name": "Can add projet", "content_type": 12, "codename": "add_project"}}, {"model": "auth.permission", "pk": 46, "fields": {"name": "Can change projet", "content_type": 12, "codename": "change_project"}}, {"model": "auth.permission", "pk": 47, "fields": {"name": "Can delete projet", "content_type": 12, "codename": "delete_project"}}, {"model": "auth.permission", "pk": 48, "fields": {"name": "Can view projet", "content_type": 12, "codename": "view_project"}}, {"model": "auth.permission", "pk": 49, "fields": {"name": "Can add user", "content_type": 13, "codename": "add_user"}}, {"model": "auth.permission", "pk": 50, "fields": {"name": "Can change user", "content_type": 13, "codename": "change_user"}}, {"model": "auth.permission", "pk": 51, "fields": {"name": "Can delete user", "content_type": 13, "codename": "delete_user"}}, {"model": "auth.permission", "pk": 52, "fields": {"name": "Can view user", "content_type": 13, "codename": "view_user"}}, {"model": "auth.permission", "pk": 53, "fields": {"name": "Can add projet", "content_type": 14, "codename": "add_timesheet"}}, {"model": "auth.permission", "pk": 54, "fields": {"name": "Can change projet", "content_type": 14, "codename": "change_timesheet"}}, {"model": "auth.permission", "pk": 55, "fields": {"name": "Can delete projet", "content_type": 14, "codename": "delete_timesheet"}}, {"model": "auth.permission", "pk": 56, "fields": {"name": "Can view projet", "content_type": 14, "codename": "view_timesheet"}}, {"model": "auth.permission", "pk": 57, "fields": {"name": "Can add task", "content_type": 15, "codename": "add_task"}}, {"model": "auth.permission", "pk": 58, "fields": {"name": "Can change task", "content_type": 15, "codename": "change_task"}}, {"model": "auth.permission", "pk": 59, "fields": {"name": "Can delete task", "content_type": 15, "codename": "delete_task"}}, {"model": "auth.permission", "pk": 60, "fields": {"name": "Can view task", "content_type": 15, "codename": "view_task"}}, {"model": "customuser.customuser", "pk": 1, "fields": {"password": "pbkdf2_sha256$180000$YRisyhrR2lma$la+LfTesK67ysFfjyE4csfkkKbEeu7oJWwxkuMKPTOg=", "last_login": "2020-07-23T13:22:56.761Z", "is_superuser": true, "username": "test", "first_name": "", "last_name": "", "email": "test@test.be", "is_staff": true, "is_active": true, "date_joined": "2020-06-05T13:13:53Z", "language": "1", "is_foo_admin": false, "groups": [], "user_permissions": [], "clients": [4, 5, 2, 3, 9], "projects": [12, 11, 14, 10, 13, 3, 9, 8], "tags": [7, 9, 8, 11, 16, 10, 17, 14, 1, 15, 18, 19, 20, 21, 22], "tasks": [43, 47, 11, 10, 45, 51, 49, 42, 5, 9, 48, 46, 15, 38, 16, 12, 41, 6, 2, 50, 13, 39, 14, 44, 7], "users": [3, 21, 17, 22, 19, 18, 5, 4, 13, 14, 15, 16], "timesheets": [16, 17, 2, 28, 12, 15, 21, 22, 23, 24, 25, 26, 27, 30, 31, 32, 18, 13, 29]}}, {"model": "customuser.customuser", "pk": 2, "fields": {"password": "pbkdf2_sha256$180000$5reT15MshhFH$a8fju00s9ngipLluLXR1Dg9m8bNrxuuZeSceyuSWqsA=", "last_login": "2020-07-23T10:24:43.003Z", "is_superuser": true, "username": "test123", "first_name": "", "last_name": "", "email": "test@yomail.com", "is_staff": true, "is_active": true, "date_joined": "2020-07-23T10:24:23.251Z", "language": "1", "is_foo_admin": false, "groups": [], "user_permissions": [], "clients": [], "projects": [], "tags": [], "tasks": [], "users": [], "timesheets": []}}, {"model": "timesheet.timesheet", "pk": 2, "fields": {"name": "Energie prep", "description": null, "refer_client": null, "refer_project": null, "refer_task": null, "date": "2020-06-05", "start": "08:00:00", "end": "09:00:00", "task_done": false, "author": 1, "creation_date": "2020-06-15T16:00:10.780Z", "users": [], "tags": [8, 10]}}, {"model": "timesheet.timesheet", "pk": 7, "fields": {"name": "vpn qh", "description": null, "refer_client": 5, "refer_project": 10, "refer_task": 5, "date": "2020-06-11", "start": "10:30:00", "end": "10:45:00", "task_done": true, "author": 1, "creation_date": "2020-06-15T16:00:10.780Z", "users": [18], "tags": []}}, {"model": "timesheet.timesheet", "pk": 8, "fields": {"name": "teamviewer + codage", "description": null, "refer_client": 5, "refer_project": 11, "refer_task": 2, "date": "2020-06-12", "start": "14:30:00", "end": "14:45:00", "task_done": true, "author": 1, "creation_date": "2020-06-15T16:00:10.780Z", "users": [], "tags": [16]}}, {"model": "timesheet.timesheet", "pk": 9, "fields": {"name": "envoi proc\u00e9dure install", "description": "no", "refer_client": 5, "refer_project": 11, "refer_task": 2, "date": "2020-06-11", "start": "12:00:00", "end": "12:40:00", "task_done": false, "author": 1, "creation_date": "2020-06-15T16:00:10.780Z", "users": [], "tags": []}}, {"model": "timesheet.timesheet", "pk": 10, "fields": {"name": "vpn og", "description": null, "refer_client": 5, "refer_project": 13, "refer_task": 7, "date": "2020-06-11", "start": "15:00:00", "end": "15:30:00", "task_done": true, "author": 1, "creation_date": "2020-06-15T16:00:10.780Z", "users": [19], "tags": []}}, {"model": "timesheet.timesheet", "pk": 11, "fields": {"name": "add Annemie", "description": null, "refer_client": 2, "refer_project": 3, "refer_task": 9, "date": "2020-06-12", "start": "12:00:00", "end": "12:10:00", "task_done": true, "author": 1, "creation_date": "2020-06-15T16:00:10.780Z", "users": [21], "tags": []}}, {"model": "timesheet.timesheet", "pk": 12, "fields": {"name": "done", "description": "ok", "refer_client": 5, "refer_project": 13, "refer_task": 10, "date": "2020-06-15", "start": "10:50:00", "end": "11:00:00", "task_done": true, "author": 1, "creation_date": "2020-06-15T16:00:10.780Z", "users": [], "tags": []}}, {"model": "timesheet.timesheet", "pk": 13, "fields": {"name": "one more time", "description": "Mc Arnold p\u00e9t\u00e9 l'install, j'ai du r\u00e9installer", "refer_client": 5, "refer_project": 11, "refer_task": 2, "date": "2020-06-15", "start": "09:30:00", "end": "09:45:00", "task_done": true, "author": 1, "creation_date": "2020-06-15T16:00:10.780Z", "users": [], "tags": []}}, {"model": "timesheet.timesheet", "pk": 14, "fields": {"name": "done", "description": null, "refer_client": 5, "refer_project": 14, "refer_task": 11, "date": "2020-06-15", "start": "17:15:00", "end": "17:30:00", "task_done": true, "author": 1, "creation_date": "2020-06-15T16:00:10.780Z", "users": [], "tags": []}}, {"model": "timesheet.timesheet", "pk": 15, "fields": {"name": "done", "description": null, "refer_client": 5, "refer_project": 14, "refer_task": 12, "date": "2020-06-16", "start": "09:00:00", "end": "09:15:00", "task_done": true, "author": 1, "creation_date": "2020-06-16T07:18:34.043Z", "users": [19], "tags": []}}, {"model": "timesheet.timesheet", "pk": 16, "fields": {"name": null, "description": null, "refer_client": 5, "refer_project": 14, "refer_task": 15, "date": "2020-06-17", "start": "11:15:00", "end": "11:30:00", "task_done": true, "author": 1, "creation_date": "2020-06-17T09:28:59.201Z", "users": [], "tags": []}}, {"model": "timesheet.timesheet", "pk": 17, "fields": {"name": null, "description": null, "refer_client": 5, "refer_project": 14, "refer_task": 16, "date": "2020-06-18", "start": "11:45:00", "end": "11:55:00", "task_done": true, "author": 1, "creation_date": "2020-06-18T09:58:31.634Z", "users": [], "tags": []}}, {"model": "timesheet.timesheet", "pk": 18, "fields": {"name": "done + mail", "description": null, "refer_client": 5, "refer_project": 11, "refer_task": 13, "date": "2020-06-18", "start": "13:00:00", "end": "13:30:00", "task_done": true, "author": 1, "creation_date": "2020-06-18T10:20:12.246Z", "users": [], "tags": [16]}}, {"model": "timesheet.timesheet", "pk": 21, "fields": {"name": "done", "description": null, "refer_client": 5, "refer_project": 11, "refer_task": 38, "date": "2020-07-03", "start": "09:30:00", "end": "10:00:00", "task_done": true, "author": 1, "creation_date": "2020-07-23T13:25:26.528Z", "users": [], "tags": [16]}}, {"model": "timesheet.timesheet", "pk": 22, "fields": {"name": "done", "description": null, "refer_client": 5, "refer_project": 13, "refer_task": 39, "date": "2020-07-04", "start": "09:30:00", "end": "09:45:00", "task_done": true, "author": 1, "creation_date": "2020-07-23T13:42:13.371Z", "users": [], "tags": []}}, {"model": "timesheet.timesheet", "pk": 23, "fields": {"name": "done", "description": null, "refer_client": 5, "refer_project": 14, "refer_task": 41, "date": "2020-07-06", "start": "09:30:00", "end": "10:00:00", "task_done": true, "author": 1, "creation_date": "2020-07-23T13:45:33.532Z", "users": [], "tags": []}}, {"model": "timesheet.timesheet", "pk": 24, "fields": {"name": "done", "description": null, "refer_client": 5, "refer_project": 14, "refer_task": 42, "date": "2020-07-13", "start": "09:45:00", "end": "10:00:00", "task_done": true, "author": 1, "creation_date": "2020-07-23T13:47:21.479Z", "users": [], "tags": []}}, {"model": "timesheet.timesheet", "pk": 25, "fields": {"name": "done", "description": null, "refer_client": 5, "refer_project": 11, "refer_task": 43, "date": "2020-07-14", "start": "09:30:00", "end": "10:00:00", "task_done": true, "author": 1, "creation_date": "2020-07-23T13:49:08.812Z", "users": [], "tags": []}}, {"model": "timesheet.timesheet", "pk": 26, "fields": {"name": "done", "description": null, "refer_client": 5, "refer_project": 12, "refer_task": 44, "date": "2020-07-14", "start": "11:30:00", "end": "12:00:00", "task_done": true, "author": 1, "creation_date": "2020-07-23T13:50:54.251Z", "users": [], "tags": []}}, {"model": "timesheet.timesheet", "pk": 27, "fields": {"name": "done", "description": null, "refer_client": 5, "refer_project": 14, "refer_task": 45, "date": "2020-07-15", "start": "11:15:00", "end": "11:30:00", "task_done": true, "author": 1, "creation_date": "2020-07-23T13:52:02.302Z", "users": [], "tags": []}}, {"model": "timesheet.timesheet", "pk": 28, "fields": {"name": "check1", "description": null, "refer_client": 5, "refer_project": 14, "refer_task": 46, "date": "2020-07-15", "start": "13:00:00", "end": "15:00:00", "task_done": false, "author": 1, "creation_date": "2020-07-23T13:54:12.093Z", "users": [], "tags": []}}, {"model": "timesheet.timesheet", "pk": 29, "fields": {"name": "placement des \u00e9tiquettes", "description": null, "refer_client": 5, "refer_project": 14, "refer_task": 47, "date": "2020-07-20", "start": "13:00:00", "end": "15:00:00", "task_done": false, "author": 1, "creation_date": "2020-07-23T13:55:27.428Z", "users": [], "tags": []}}, {"model": "timesheet.timesheet", "pk": 30, "fields": {"name": "done", "description": null, "refer_client": 5, "refer_project": 11, "refer_task": 48, "date": "2020-07-22", "start": "13:00:00", "end": "13:15:00", "task_done": true, "author": 1, "creation_date": "2020-07-23T13:57:15.810Z", "users": [], "tags": []}}, {"model": "timesheet.timesheet", "pk": 31, "fields": {"name": "done", "description": null, "refer_client": 5, "refer_project": 10, "refer_task": 50, "date": "2020-07-23", "start": "12:00:00", "end": "12:15:00", "task_done": true, "author": 1, "creation_date": "2020-07-23T13:59:26.748Z", "users": [], "tags": []}}, {"model": "timesheet.timesheet", "pk": 32, "fields": {"name": "done", "description": null, "refer_client": 5, "refer_project": 14, "refer_task": 49, "date": "2020-07-23", "start": "12:00:00", "end": "12:15:00", "task_done": true, "author": 1, "creation_date": "2020-07-23T14:01:12.809Z", "users": [], "tags": []}}, {"model": "client.client", "pk": 1, "fields": {"name": "LG", "author": 1, "creation_date": "2020-06-08T13:32:21.274Z", "tags": [], "projects": [1, 2], "tasks": [2], "timesheets": [], "users": [3, 2, 1]}}, {"model": "client.client", "pk": 2, "fields": {"name": "TADA", "author": 1, "creation_date": "2020-06-08T13:32:21.274Z", "tags": [7, 9, 8, 11, 10, 14], "projects": [3], "tasks": [9], "timesheets": [11], "users": [3, 21, 5, 4, 11]}}, {"model": "client.client", "pk": 3, "fields": {"name": "test2", "author": 1, "creation_date": "2020-06-08T13:41:45.013Z", "tags": [7, 8, 22], "projects": [9, 8], "tasks": [], "timesheets": [], "users": [3, 8, 7]}}, {"model": "client.client", "pk": 4, "fields": {"name": "Client1", "author": 1, "creation_date": "2020-06-10T16:23:54.981Z", "tags": [15], "projects": [9], "tasks": [], "timesheets": [], "users": [13, 14, 15, 16]}}, {"model": "client.client", "pk": 5, "fields": {"name": "Lieutenant Guillaume", "author": 1, "creation_date": "2020-06-11T09:01:23.372Z", "tags": [16], "projects": [12, 11, 14, 10, 13], "tasks": [43, 47, 11, 10, 45, 51, 49, 42, 5, 48, 46, 15, 38, 16, 12, 41, 6, 2, 50, 13, 39, 14, 44, 7], "timesheets": [16, 17, 28, 12, 14, 15, 21, 22, 23, 24, 25, 26, 27, 30, 31, 32, 18, 9, 13, 29, 8, 10], "users": [3, 17, 22, 19, 18]}}, {"model": "client.client", "pk": 9, "fields": {"name": "test4", "author": 1, "creation_date": "2020-06-17T10:47:36.521Z", "tags": [], "projects": [], "tasks": [], "timesheets": [], "users": []}}, {"model": "tag.tag", "pk": 1, "fields": {"name": "tag1", "color": "#3b52da", "author": 1, "creation_date": "2020-06-08T14:06:05.395Z"}}, {"model": "tag.tag", "pk": 2, "fields": {"name": "Ryanair", "color": "#FF0000", "author": 1, "creation_date": "2020-06-08T14:06:05.395Z"}}, {"model": "tag.tag", "pk": 3, "fields": {"name": "Support", "color": "#FF0000", "author": 1, "creation_date": "2020-06-08T14:06:05.395Z"}}, {"model": "tag.tag", "pk": 4, "fields": {"name": "Onboarding", "color": "#FF0000", "author": 1, "creation_date": "2020-06-08T14:06:05.395Z"}}, {"model": "tag.tag", "pk": 5, "fields": {"name": "winbooks", "color": "#FF0000", "author": 1, "creation_date": "2020-06-08T14:06:05.395Z"}}, {"model": "tag.tag", "pk": 6, "fields": {"name": "outlook", "color": "#FF0000", "author": 1, "creation_date": "2020-06-08T14:06:05.395Z"}}, {"model": "tag.tag", "pk": 7, "fields": {"name": "CHIM", "color": "#1d834a", "author": 1, "creation_date": "2020-06-08T14:06:05.395Z"}}, {"model": "tag.tag", "pk": 8, "fields": {"name": "ENERG", "color": "#378ede", "author": 1, "creation_date": "2020-06-08T14:06:05.395Z"}}, {"model": "tag.tag", "pk": 9, "fields": {"name": "DROIT", "color": "#F7FF4F", "author": 1, "creation_date": "2020-06-08T14:06:05.395Z"}}, {"model": "tag.tag", "pk": 10, "fields": {"name": "PART", "color": "#FF0000", "author": 1, "creation_date": "2020-06-08T14:06:05.395Z"}}, {"model": "tag.tag", "pk": 11, "fields": {"name": "ENTRE", "color": "#2628FF", "author": 1, "creation_date": "2020-06-08T14:06:05.395Z"}}, {"model": "tag.tag", "pk": 12, "fields": {"name": "mytag", "color": "#FF0000", "author": 1, "creation_date": "2020-06-08T14:25:26.995Z"}}, {"model": "tag.tag", "pk": 13, "fields": {"name": "mytag", "color": "#FF0000", "author": 1, "creation_date": "2020-06-08T14:26:00.060Z"}}, {"model": "tag.tag", "pk": 14, "fields": {"name": "mytag", "color": "#ffab2e", "author": 1, "creation_date": "2020-06-08T14:26:25.522Z"}}, {"model": "tag.tag", "pk": 15, "fields": {"name": "tag1_client1", "color": "#2e57a3", "author": 1, "creation_date": "2020-06-10T16:24:45.932Z"}}, {"model": "tag.tag", "pk": 16, "fields": {"name": "McArnolds", "color": "#d77d7d", "author": 1, "creation_date": "2020-06-11T10:45:09.305Z"}}, {"model": "tag.tag", "pk": 17, "fields": {"name": "crazy", "color": "#ab9595", "author": 1, "creation_date": "2020-06-12T09:48:25.485Z"}}, {"model": "tag.tag", "pk": 18, "fields": {"name": "tag_from_client", "color": "#ab973e", "author": 1, "creation_date": "2020-06-12T10:04:44.970Z"}}, {"model": "tag.tag", "pk": 19, "fields": {"name": "tag_from_client", "color": "#ab973e", "author": 1, "creation_date": "2020-06-12T10:04:55.246Z"}}, {"model": "tag.tag", "pk": 20, "fields": {"name": "tag_from_project", "color": "#ae18cc", "author": 1, "creation_date": "2020-06-12T10:07:03.803Z"}}, {"model": "tag.tag", "pk": 21, "fields": {"name": "test tag", "color": "#f1741a", "author": 1, "creation_date": "2020-06-12T10:45:27.336Z"}}, {"model": "tag.tag", "pk": 22, "fields": {"name": "test tag", "color": "#f1741a", "author": 1, "creation_date": "2020-06-12T10:46:21.915Z"}}, {"model": "project.project", "pk": 1, "fields": {"name": "Ryanair", "description": "dfsd", "start_date": "2020-06-11", "end_date": "2020-06-11", "refer_client": 1, "author": 1, "creation_date": "2020-06-08T13:41:26.878Z", "done": false, "close_date": "2020-06-12", "tags": [], "users": [], "tasks": [2], "timesheets": []}}, {"model": "project.project", "pk": 2, "fields": {"name": "Support", "description": "ffsdfdsf", "start_date": "2020-06-11", "end_date": "2020-06-11", "refer_client": 1, "author": 1, "creation_date": "2020-06-08T13:41:26.878Z", "done": false, "close_date": "2020-06-12", "tags": [], "users": [], "tasks": [], "timesheets": []}}, {"model": "project.project", "pk": 3, "fields": {"name": "YEAR 1", "description": "GSDIOUDGRHINKOPWDF", "start_date": "2020-06-11", "end_date": "2020-06-11", "refer_client": 2, "author": 1, "creation_date": "2020-06-08T13:41:26.878Z", "done": false, "close_date": "2020-06-12", "tags": [7, 8, 10, 14], "users": [21, 5], "tasks": [9], "timesheets": [11]}}, {"model": "project.project", "pk": 4, "fields": {"name": "rtet", "description": null, "start_date": "2020-06-11", "end_date": "2020-06-11", "refer_client": 2, "author": 1, "creation_date": "2020-06-08T13:41:26.878Z", "done": false, "close_date": "2020-06-12", "tags": [], "users": [5], "tasks": [], "timesheets": []}}, {"model": "project.project", "pk": 5, "fields": {"name": "zertyui", "description": null, "start_date": "2020-06-11", "end_date": "2020-06-11", "refer_client": 2, "author": 1, "creation_date": "2020-06-08T13:41:26.878Z", "done": false, "close_date": "2020-06-12", "tags": [9], "users": [1], "tasks": [], "timesheets": []}}, {"model": "project.project", "pk": 6, "fields": {"name": "zrtrtetret", "description": null, "start_date": "2020-06-11", "end_date": "2020-06-11", "refer_client": 2, "author": 1, "creation_date": "2020-06-08T13:41:26.878Z", "done": false, "close_date": "2020-06-12", "tags": [11], "users": [1], "tasks": [], "timesheets": []}}, {"model": "project.project", "pk": 7, "fields": {"name": "test2.1", "description": null, "start_date": "2020-06-11", "end_date": "2020-06-11", "refer_client": 3, "author": 1, "creation_date": "2020-06-08T13:42:08.649Z", "done": false, "close_date": "2020-06-12", "tags": [], "users": [], "tasks": [], "timesheets": []}}, {"model": "project.project", "pk": 8, "fields": {"name": "test2.1", "description": null, "start_date": "2020-06-11", "end_date": "2020-06-11", "refer_client": 3, "author": 1, "creation_date": "2020-06-08T13:46:45.149Z", "done": false, "close_date": "2020-06-12", "tags": [9], "users": [3], "tasks": [], "timesheets": []}}, {"model": "project.project", "pk": 9, "fields": {"name": "projet1-client1", "description": null, "start_date": "2020-06-11", "end_date": "2020-06-11", "refer_client": 3, "author": 1, "creation_date": "2020-06-10T16:24:20.375Z", "done": false, "close_date": "2020-06-12", "tags": [15, 22], "users": [13, 14, 15], "tasks": [], "timesheets": []}}, {"model": "project.project", "pk": 10, "fields": {"name": "VPN", "description": null, "start_date": "2020-06-11", "end_date": "2020-06-11", "refer_client": 5, "author": 1, "creation_date": "2020-06-11T09:02:40.713Z", "done": false, "close_date": "2020-06-12", "tags": [], "users": [3, 17, 18], "tasks": [5, 50], "timesheets": [31]}}, {"model": "project.project", "pk": 11, "fields": {"name": "Ryanair", "description": null, "start_date": "2020-06-11", "end_date": "2020-12-31", "refer_client": 5, "author": 1, "creation_date": "2020-06-11T09:02:57.938Z", "done": false, "close_date": "2020-06-12", "tags": [16], "users": [], "tasks": [43, 48, 38, 2, 13, 14], "timesheets": [21, 25, 30, 18, 9, 13, 8]}}, {"model": "project.project", "pk": 12, "fields": {"name": "Onboarding 2020", "description": null, "start_date": "2020-06-11", "end_date": "2020-12-31", "refer_client": 5, "author": 1, "creation_date": "2020-06-11T09:03:18.262Z", "done": false, "close_date": "2020-06-12", "tags": [], "users": [3], "tasks": [51, 44], "timesheets": [26]}}, {"model": "project.project", "pk": 13, "fields": {"name": "Winbooks on desktop", "description": null, "start_date": "2020-06-11", "end_date": "2020-06-11", "refer_client": 5, "author": 1, "creation_date": "2020-06-11T11:53:07.896Z", "done": false, "close_date": "2020-06-12", "tags": [], "users": [22, 19], "tasks": [10, 6, 39, 7], "timesheets": [12, 22, 10]}}, {"model": "project.project", "pk": 14, "fields": {"name": "Support 2020", "description": null, "start_date": "2020-01-01", "end_date": "2020-12-31", "refer_client": 5, "author": 1, "creation_date": "2020-06-15T14:34:49.127Z", "done": false, "close_date": null, "tags": [], "users": [], "tasks": [47, 11, 45, 49, 42, 46, 15, 16, 12, 41], "timesheets": [16, 17, 28, 14, 15, 23, 24, 27, 32, 29]}}, {"model": "user.user", "pk": 1, "fields": {"refer_client": 1, "name": "OG", "color": "#FF0000", "author": 1, "creation_date": "2020-06-08T14:06:05.673Z"}}, {"model": "user.user", "pk": 2, "fields": {"refer_client": 1, "name": "MD", "color": "#FF0000", "author": 1, "creation_date": "2020-06-08T14:06:05.673Z"}}, {"model": "user.user", "pk": 3, "fields": {"refer_client": 3, "name": "AP", "color": "#00ff64", "author": 1, "creation_date": "2020-06-08T14:06:05.673Z"}}, {"model": "user.user", "pk": 4, "fields": {"refer_client": 2, "name": "SOFIE V", "color": "#FF0000", "author": 1, "creation_date": "2020-06-08T14:06:05.673Z"}}, {"model": "user.user", "pk": 5, "fields": {"refer_client": 2, "name": "Robbe L", "color": "#3861e5", "author": 1, "creation_date": "2020-06-08T14:06:05.673Z"}}, {"model": "user.user", "pk": 6, "fields": {"refer_client": 3, "name": "test2.user", "color": "#FF0000", "author": 1, "creation_date": "2020-06-08T14:06:05.673Z"}}, {"model": "user.user", "pk": 7, "fields": {"refer_client": 3, "name": "test2.user", "color": "#FF0000", "author": 1, "creation_date": "2020-06-08T14:06:05.673Z"}}, {"model": "user.user", "pk": 8, "fields": {"refer_client": 3, "name": "test2.2.2.user", "color": "#FF0000", "author": 1, "creation_date": "2020-06-08T14:06:05.673Z"}}, {"model": "user.user", "pk": 9, "fields": {"refer_client": null, "name": "reno", "color": "#FF0000", "author": 1, "creation_date": "2020-06-08T14:29:58.702Z"}}, {"model": "user.user", "pk": 10, "fields": {"refer_client": 2, "name": "reno", "color": "#FF0000", "author": 1, "creation_date": "2020-06-08T14:37:37.125Z"}}, {"model": "user.user", "pk": 11, "fields": {"refer_client": 2, "name": "reno2", "color": "#FF0000", "author": 1, "creation_date": "2020-06-08T14:37:59.351Z"}}, {"model": "user.user", "pk": 13, "fields": {"refer_client": 4, "name": "user1_client1", "color": "#dd4040", "author": 1, "creation_date": "2020-06-10T16:25:10.776Z"}}, {"model": "user.user", "pk": 14, "fields": {"refer_client": 4, "name": "user2_client1", "color": "#28d7bd", "author": 1, "creation_date": "2020-06-10T16:45:05.408Z"}}, {"model": "user.user", "pk": 15, "fields": {"refer_client": 4, "name": "user3_client1", "color": "#e3d431", "author": 1, "creation_date": "2020-06-10T18:27:47.694Z"}}, {"model": "user.user", "pk": 16, "fields": {"refer_client": 4, "name": "user4 client1", "color": "#d21fea", "author": 1, "creation_date": "2020-06-10T18:28:05.458Z"}}, {"model": "user.user", "pk": 17, "fields": {"refer_client": 5, "name": "MD", "color": "#c41a1a", "author": 1, "creation_date": "2020-06-11T09:01:47.351Z"}}, {"model": "user.user", "pk": 18, "fields": {"refer_client": 5, "name": "QH", "color": "#25c548", "author": 1, "creation_date": "2020-06-11T09:02:12.853Z"}}, {"model": "user.user", "pk": 19, "fields": {"refer_client": 5, "name": "OG", "color": "#50a6da", "author": 1, "creation_date": "2020-06-11T13:32:02.025Z"}}, {"model": "user.user", "pk": 21, "fields": {"refer_client": 2, "name": "Annemie", "color": "#177cd5", "author": 1, "creation_date": "2020-06-12T11:04:48.292Z"}}, {"model": "user.user", "pk": 22, "fields": {"refer_client": 5, "name": "MD", "color": "#8239db", "author": 1, "creation_date": "2020-06-15T08:58:06.686Z"}}, {"model": "task.task", "pk": 2, "fields": {"name": "install chez mcArnolds", "description": null, "duration": "01:00:00", "refer_client": 5, "refer_project": 11, "start_date": "2020-06-05", "end_date": "2020-06-18", "author": 1, "creation_date": "2020-06-10T13:58:37.661Z", "done": true, "close_date": "2020-06-12", "users": [], "tags": [16], "timesheets": [9, 13, 8]}}, {"model": "task.task", "pk": 5, "fields": {"name": "VPN QH", "description": null, "duration": "00:15:00", "refer_client": 5, "refer_project": 10, "start_date": "2020-06-11", "end_date": "2020-06-11", "author": 1, "creation_date": "2020-06-11T09:06:05.734Z", "done": true, "close_date": "2020-06-12", "users": [18], "tags": [], "timesheets": []}}, {"model": "task.task", "pk": 6, "fields": {"name": "instaler office sur pc", "description": null, "duration": "01:00:00", "refer_client": 5, "refer_project": 13, "start_date": "2020-06-11", "end_date": "2020-06-12", "author": 1, "creation_date": "2020-06-11T11:53:43.112Z", "done": true, "close_date": "2020-06-12", "users": [], "tags": [], "timesheets": []}}, {"model": "task.task", "pk": 7, "fields": {"name": "vpn og", "description": null, "duration": "00:15:00", "refer_client": 5, "refer_project": 13, "start_date": "2020-06-10", "end_date": "2020-06-11", "author": 1, "creation_date": "2020-06-11T13:26:47.510Z", "done": true, "close_date": "2020-06-12", "users": [19], "tags": [], "timesheets": [10]}}, {"model": "task.task", "pk": 9, "fields": {"name": "ajouter Annemie", "description": null, "duration": "00:00:00", "refer_client": 2, "refer_project": 3, "start_date": "2020-06-11", "end_date": "2020-06-11", "author": 1, "creation_date": "2020-06-12T10:56:12.457Z", "done": true, "close_date": "2020-06-12", "users": [21], "tags": [], "timesheets": [11]}}, {"model": "task.task", "pk": 10, "fields": {"name": "MD > questions winbooks/ office", "description": "ok", "duration": "00:10:00", "refer_client": 5, "refer_project": 13, "start_date": "2020-06-15", "end_date": "2020-06-15", "author": 1, "creation_date": "2020-06-15T08:59:12.448Z", "done": true, "close_date": "2020-06-15", "users": [22], "tags": [], "timesheets": [12]}}, {"model": "task.task", "pk": 11, "fields": {"name": "Ligne t\u00e9l\u00e9phone - rediriger appel AP", "description": null, "duration": "00:15:00", "refer_client": 5, "refer_project": 14, "start_date": "2020-06-15", "end_date": "2020-06-15", "author": 1, "creation_date": "2020-06-15T14:46:17.045Z", "done": true, "close_date": "2020-06-15", "users": [3], "tags": [], "timesheets": [14]}}, {"model": "task.task", "pk": 12, "fields": {"name": "d\u00e9vier mails BW -> CA", "description": null, "duration": "00:15:00", "refer_client": 5, "refer_project": 14, "start_date": "2020-06-16", "end_date": "2020-06-16", "author": 1, "creation_date": "2020-06-16T07:17:26.543Z", "done": true, "close_date": "2020-06-16", "users": [19], "tags": [], "timesheets": [15]}}, {"model": "task.task", "pk": 13, "fields": {"name": "mettre la version de McArnold en production", "description": null, "duration": "00:15:00", "refer_client": 5, "refer_project": 11, "start_date": "2020-06-17", "end_date": "2020-06-17", "author": 1, "creation_date": "2020-06-17T07:02:09.350Z", "done": true, "close_date": "2020-06-18", "users": [], "tags": [16], "timesheets": [18]}}, {"model": "task.task", "pk": 14, "fields": {"name": "tester la version de McArnold", "description": null, "duration": "01:00:00", "refer_client": 5, "refer_project": 11, "start_date": "2020-06-17", "end_date": "2020-06-21", "author": 1, "creation_date": "2020-06-17T07:02:55.278Z", "done": false, "close_date": null, "users": [], "tags": [], "timesheets": []}}, {"model": "task.task", "pk": 15, "fields": {"name": "donner acc\u00e8s \u00e0 CA la boite mail de BW", "description": null, "duration": "00:30:00", "refer_client": 5, "refer_project": 14, "start_date": "2020-06-17", "end_date": "2020-06-17", "author": 1, "creation_date": "2020-06-17T09:18:00.163Z", "done": true, "close_date": "2020-06-17", "users": [], "tags": [], "timesheets": [16]}}, {"model": "task.task", "pk": 16, "fields": {"name": "d\u00e9panner QH", "description": "il a oubli\u00e9 son pc", "duration": "00:15:00", "refer_client": 5, "refer_project": 14, "start_date": "2020-06-18", "end_date": "2020-06-18", "author": 1, "creation_date": "2020-06-18T09:57:37.769Z", "done": true, "close_date": "2020-06-18", "users": [18], "tags": [], "timesheets": [17]}}, {"model": "task.task", "pk": 38, "fields": {"name": "donner acc\u00e8s \u00e0 McArnolds", "description": null, "duration": "01:00:00", "refer_client": 5, "refer_project": 11, "start_date": "2020-07-03", "end_date": "2020-07-03", "author": 1, "creation_date": "2020-07-23T13:25:25.775Z", "done": true, "close_date": "2020-07-03", "users": [], "tags": [16], "timesheets": [21]}}, {"model": "task.task", "pk": 39, "fields": {"name": "probl\u00e8me winbooks MD", "description": null, "duration": "00:30:00", "refer_client": 5, "refer_project": 13, "start_date": "2020-07-04", "end_date": "2020-07-04", "author": 1, "creation_date": "2020-07-23T13:42:12.615Z", "done": true, "close_date": "2020-07-04", "users": [], "tags": [], "timesheets": [22]}}, {"model": "task.task", "pk": 41, "fields": {"name": "gestion des lignes t\u00e9l\u00e9phoniques", "description": null, "duration": "00:30:00", "refer_client": 5, "refer_project": 14, "start_date": "2020-07-06", "end_date": "2020-07-06", "author": 1, "creation_date": "2020-07-23T13:45:32.814Z", "done": true, "close_date": "2020-07-06", "users": [], "tags": [], "timesheets": [23]}}, {"model": "task.task", "pk": 42, "fields": {"name": "Question AP facture AWS", "description": null, "duration": "00:15:00", "refer_client": 5, "refer_project": 14, "start_date": "2020-07-13", "end_date": "2020-07-13", "author": 1, "creation_date": "2020-07-23T13:47:20.718Z", "done": true, "close_date": "2020-07-13", "users": [3], "tags": [], "timesheets": [24]}}, {"model": "task.task", "pk": 43, "fields": {"name": "Donner des acc\u00e8s \u00e0 Mc Arnolds", "description": null, "duration": "01:00:00", "refer_client": 5, "refer_project": 11, "start_date": "2020-07-14", "end_date": "2020-07-14", "author": 1, "creation_date": "2020-07-23T13:49:08.089Z", "done": true, "close_date": "2020-07-14", "users": [], "tags": [16], "timesheets": [25]}}, {"model": "task.task", "pk": 44, "fields": {"name": "turnover des users", "description": null, "duration": "00:30:00", "refer_client": 5, "refer_project": 12, "start_date": "2020-07-14", "end_date": "2020-07-14", "author": 1, "creation_date": "2020-07-23T13:50:53.363Z", "done": true, "close_date": "2020-07-14", "users": [3], "tags": [], "timesheets": [26]}}, {"model": "task.task", "pk": 45, "fields": {"name": "Modifier boite email de Ben", "description": null, "duration": "00:15:00", "refer_client": 5, "refer_project": 14, "start_date": "2020-07-15", "end_date": "2020-07-15", "author": 1, "creation_date": "2020-07-23T13:52:01.497Z", "done": true, "close_date": "2020-07-15", "users": [], "tags": [], "timesheets": [27]}}, {"model": "task.task", "pk": 46, "fields": {"name": "checker les antivirus", "description": null, "duration": "02:00:00", "refer_client": 5, "refer_project": 14, "start_date": "2020-07-15", "end_date": "2020-07-31", "author": 1, "creation_date": "2020-07-23T13:54:11.335Z", "done": false, "close_date": null, "users": [19], "tags": [], "timesheets": [28]}}, {"model": "task.task", "pk": 47, "fields": {"name": "Inventaire", "description": "pc, \u00e9crans, claviers et desks", "duration": "05:00:00", "refer_client": 5, "refer_project": 14, "start_date": "2020-07-20", "end_date": "2020-07-31", "author": 1, "creation_date": "2020-07-23T13:55:26.566Z", "done": false, "close_date": null, "users": [], "tags": [], "timesheets": [29]}}, {"model": "task.task", "pk": 48, "fields": {"name": "assistance acc\u00e8s compte client", "description": null, "duration": "01:00:00", "refer_client": 5, "refer_project": 11, "start_date": "2020-07-22", "end_date": "2020-07-22", "author": 1, "creation_date": "2020-07-23T13:57:15.117Z", "done": true, "close_date": "2020-07-22", "users": [], "tags": [16], "timesheets": [30]}}, {"model": "task.task", "pk": 49, "fields": {"name": "Probl\u00e8me NAS Alexander", "description": null, "duration": "00:15:00", "refer_client": 5, "refer_project": 14, "start_date": "2020-07-23", "end_date": "2020-07-23", "author": 1, "creation_date": "2020-07-23T13:58:23.707Z", "done": true, "close_date": "2020-07-23", "users": [], "tags": [], "timesheets": [32]}}, {"model": "task.task", "pk": 50, "fields": {"name": "installation VPN Thibault", "description": null, "duration": "00:30:00", "refer_client": 5, "refer_project": 10, "start_date": "2020-07-23", "end_date": "2020-07-23", "author": 1, "creation_date": "2020-07-23T13:59:26.011Z", "done": true, "close_date": "2020-07-23", "users": [], "tags": [], "timesheets": [31]}}, {"model": "task.task", "pk": 51, "fields": {"name": "Onboarding Benjamin", "description": null, "duration": "00:30:00", "refer_client": 5, "refer_project": 12, "start_date": "2020-07-23", "end_date": "2020-07-26", "author": 1, "creation_date": "2020-07-23T14:00:15.024Z", "done": false, "close_date": null, "users": [3], "tags": [], "timesheets": []}}, {"model": "admin.logentry", "pk": 1, "fields": {"action_time": "2020-06-05T16:19:01.684Z", "user": 1, "content_type": 10, "object_id": "1", "object_repr": "LG", "action_flag": 1, "change_message": "[{\"added\": {}}]"}}, {"model": "admin.logentry", "pk": 2, "fields": {"action_time": "2020-06-05T16:22:33.447Z", "user": 1, "content_type": 12, "object_id": "1", "object_repr": "LG - Ryanair", "action_flag": 1, "change_message": "[{\"added\": {}}]"}}, {"model": "admin.logentry", "pk": 3, "fields": {"action_time": "2020-06-05T16:40:36.212Z", "user": 1, "content_type": 11, "object_id": "2", "object_repr": "Ryanair", "action_flag": 1, "change_message": "[{\"added\": {}}]"}}, {"model": "admin.logentry", "pk": 4, "fields": {"action_time": "2020-06-05T16:40:44.174Z", "user": 1, "content_type": 11, "object_id": "3", "object_repr": "Support", "action_flag": 1, "change_message": "[{\"added\": {}}]"}}, {"model": "admin.logentry", "pk": 5, "fields": {"action_time": "2020-06-05T16:40:53.248Z", "user": 1, "content_type": 11, "object_id": "4", "object_repr": "Onboarding", "action_flag": 1, "change_message": "[{\"added\": {}}]"}}, {"model": "admin.logentry", "pk": 6, "fields": {"action_time": "2020-06-05T16:41:01.606Z", "user": 1, "content_type": 11, "object_id": "5", "object_repr": "winbooks", "action_flag": 1, "change_message": "[{\"added\": {}}]"}}, {"model": "admin.logentry", "pk": 7, "fields": {"action_time": "2020-06-05T16:41:09.178Z", "user": 1, "content_type": 11, "object_id": "6", "object_repr": "outlook", "action_flag": 1, "change_message": "[{\"added\": {}}]"}}, {"model": "admin.logentry", "pk": 8, "fields": {"action_time": "2020-06-05T16:41:56.687Z", "user": 1, "content_type": 12, "object_id": "2", "object_repr": "LG - Support", "action_flag": 1, "change_message": "[{\"added\": {}}]"}}, {"model": "admin.logentry", "pk": 9, "fields": {"action_time": "2020-06-05T16:42:57.890Z", "user": 1, "content_type": 13, "object_id": "1", "object_repr": "OG", "action_flag": 1, "change_message": "[{\"added\": {}}]"}}, {"model": "admin.logentry", "pk": 10, "fields": {"action_time": "2020-06-05T16:43:20.689Z", "user": 1, "content_type": 13, "object_id": "2", "object_repr": "MD", "action_flag": 1, "change_message": "[{\"added\": {}}]"}}, {"model": "admin.logentry", "pk": 11, "fields": {"action_time": "2020-06-05T16:43:23.635Z", "user": 1, "content_type": 10, "object_id": "1", "object_repr": "LG", "action_flag": 2, "change_message": "[]"}}, {"model": "admin.logentry", "pk": 12, "fields": {"action_time": "2020-06-05T16:43:54.439Z", "user": 1, "content_type": 13, "object_id": "3", "object_repr": "AP", "action_flag": 1, "change_message": "[{\"added\": {}}]"}}, {"model": "admin.logentry", "pk": 13, "fields": {"action_time": "2020-06-05T16:45:59.414Z", "user": 1, "content_type": 14, "object_id": "1", "object_repr": "LG - tsfsg", "action_flag": 1, "change_message": "[{\"added\": {}}]"}}, {"model": "admin.logentry", "pk": 14, "fields": {"action_time": "2020-06-05T16:47:24.048Z", "user": 1, "content_type": 14, "object_id": "1", "object_repr": "LG - tsfsg", "action_flag": 2, "change_message": "[]"}}, {"model": "admin.logentry", "pk": 15, "fields": {"action_time": "2020-06-05T17:09:52.030Z", "user": 1, "content_type": 14, "object_id": "1", "object_repr": "LG - tsfsg", "action_flag": 2, "change_message": "[]"}}, {"model": "admin.logentry", "pk": 16, "fields": {"action_time": "2020-06-05T17:22:09.290Z", "user": 1, "content_type": 11, "object_id": "7", "object_repr": "CHIM", "action_flag": 1, "change_message": "[{\"added\": {}}]"}}, {"model": "admin.logentry", "pk": 17, "fields": {"action_time": "2020-06-05T17:22:27.914Z", "user": 1, "content_type": 11, "object_id": "8", "object_repr": "ENERG", "action_flag": 1, "change_message": "[{\"added\": {}}]"}}, {"model": "admin.logentry", "pk": 18, "fields": {"action_time": "2020-06-05T17:22:34.991Z", "user": 1, "content_type": 11, "object_id": "9", "object_repr": "DROIT", "action_flag": 1, "change_message": "[{\"added\": {}}]"}}, {"model": "admin.logentry", "pk": 19, "fields": {"action_time": "2020-06-05T17:22:40.325Z", "user": 1, "content_type": 11, "object_id": "10", "object_repr": "PART", "action_flag": 1, "change_message": "[{\"added\": {}}]"}}, {"model": "admin.logentry", "pk": 20, "fields": {"action_time": "2020-06-05T17:22:46.660Z", "user": 1, "content_type": 11, "object_id": "11", "object_repr": "ENTRE", "action_flag": 1, "change_message": "[{\"added\": {}}]"}}, {"model": "admin.logentry", "pk": 21, "fields": {"action_time": "2020-06-05T17:24:05.350Z", "user": 1, "content_type": 10, "object_id": "2", "object_repr": "TADA", "action_flag": 1, "change_message": "[{\"added\": {}}]"}}, {"model": "admin.logentry", "pk": 22, "fields": {"action_time": "2020-06-05T17:26:03.232Z", "user": 1, "content_type": 13, "object_id": "4", "object_repr": "SOFIE V", "action_flag": 1, "change_message": "[{\"added\": {}}]"}}, {"model": "admin.logentry", "pk": 23, "fields": {"action_time": "2020-06-05T17:26:18.312Z", "user": 1, "content_type": 13, "object_id": "5", "object_repr": "Robbe L", "action_flag": 1, "change_message": "[{\"added\": {}}]"}}, {"model": "admin.logentry", "pk": 24, "fields": {"action_time": "2020-06-05T17:26:27.282Z", "user": 1, "content_type": 12, "object_id": "3", "object_repr": "TADA - YEAR 1", "action_flag": 1, "change_message": "[{\"added\": {}}]"}}, {"model": "admin.logentry", "pk": 25, "fields": {"action_time": "2020-06-05T17:26:47.215Z", "user": 1, "content_type": 12, "object_id": "3", "object_repr": "TADA - YEAR 1", "action_flag": 2, "change_message": "[]"}}, {"model": "admin.logentry", "pk": 26, "fields": {"action_time": "2020-06-05T17:28:49.007Z", "user": 1, "content_type": 14, "object_id": "2", "object_repr": "TADA - Energie prep", "action_flag": 1, "change_message": "[{\"added\": {}}]"}}, {"model": "admin.logentry", "pk": 27, "fields": {"action_time": "2020-06-08T12:02:59.117Z", "user": 1, "content_type": 6, "object_id": "1", "object_repr": "test", "action_flag": 2, "change_message": "[{\"changed\": {\"fields\": [\"Tags\"]}}]"}}, {"model": "admin.logentry", "pk": 28, "fields": {"action_time": "2020-06-09T15:28:17.839Z", "user": 1, "content_type": 11, "object_id": "7", "object_repr": "CHIM", "action_flag": 2, "change_message": "[{\"changed\": {\"fields\": [\"Color\"]}}]"}}, {"model": "admin.logentry", "pk": 29, "fields": {"action_time": "2020-06-09T15:28:27.864Z", "user": 1, "content_type": 11, "object_id": "9", "object_repr": "DROIT", "action_flag": 2, "change_message": "[{\"changed\": {\"fields\": [\"Color\"]}}]"}}, {"model": "admin.logentry", "pk": 30, "fields": {"action_time": "2020-06-09T15:28:34.354Z", "user": 1, "content_type": 11, "object_id": "11", "object_repr": "ENTRE", "action_flag": 2, "change_message": "[{\"changed\": {\"fields\": [\"Color\"]}}]"}}, {"model": "admin.logentry", "pk": 31, "fields": {"action_time": "2020-06-10T13:48:22.696Z", "user": 1, "content_type": 15, "object_id": "1", "object_repr": "reno", "action_flag": 1, "change_message": "[{\"added\": {}}]"}}, {"model": "admin.logentry", "pk": 32, "fields": {"action_time": "2020-06-10T13:58:37.759Z", "user": 1, "content_type": 15, "object_id": "2", "object_repr": "Ryanair", "action_flag": 1, "change_message": "[{\"added\": {}}]"}}, {"model": "admin.logentry", "pk": 33, "fields": {"action_time": "2020-06-10T15:43:28.583Z", "user": 1, "content_type": 15, "object_id": "1", "object_repr": "task reno", "action_flag": 2, "change_message": "[{\"changed\": {\"fields\": [\"Start date\", \"End date\"]}}]"}}, {"model": "admin.logentry", "pk": 34, "fields": {"action_time": "2020-06-10T15:43:39.552Z", "user": 1, "content_type": 15, "object_id": "2", "object_repr": "Ryanair", "action_flag": 2, "change_message": "[{\"changed\": {\"fields\": [\"Start date\", \"End date\"]}}]"}}, {"model": "admin.logentry", "pk": 35, "fields": {"action_time": "2020-06-10T16:31:01.022Z", "user": 1, "content_type": 14, "object_id": "3", "object_repr": "ts1_task1", "action_flag": 2, "change_message": "[{\"changed\": {\"fields\": [\"Task\"]}}]"}}, {"model": "admin.logentry", "pk": 36, "fields": {"action_time": "2020-06-12T14:01:19.658Z", "user": 1, "content_type": 15, "object_id": "5", "object_repr": "[5] Lieutenant Guillaume - VPN - VPN QH", "action_flag": 2, "change_message": "[{\"changed\": {\"fields\": [\"End date\"]}}]"}}, {"model": "admin.logentry", "pk": 37, "fields": {"action_time": "2020-06-12T14:01:53.450Z", "user": 1, "content_type": 15, "object_id": "9", "object_repr": "[9] TADA - YEAR 1 - ajouter Annemie", "action_flag": 2, "change_message": "[{\"changed\": {\"fields\": [\"Start date\", \"End date\", \"End date\"]}}]"}}, {"model": "admin.logentry", "pk": 38, "fields": {"action_time": "2020-06-12T14:02:04.824Z", "user": 1, "content_type": 15, "object_id": "6", "object_repr": "[6] Lieutenant Guillaume - Winbooks on desktop - instaler office sur pc", "action_flag": 2, "change_message": "[{\"changed\": {\"fields\": [\"End date\"]}}]"}}, {"model": "admin.logentry", "pk": 39, "fields": {"action_time": "2020-06-12T14:02:19.705Z", "user": 1, "content_type": 15, "object_id": "8", "object_repr": "[8] test2 - projet1-client1 - test task", "action_flag": 2, "change_message": "[{\"changed\": {\"fields\": [\"End date\"]}}]"}}, {"model": "admin.logentry", "pk": 40, "fields": {"action_time": "2020-06-12T14:02:37.178Z", "user": 1, "content_type": 15, "object_id": "7", "object_repr": "[7] Lieutenant Guillaume - Winbooks on desktop - vpn og", "action_flag": 2, "change_message": "[{\"changed\": {\"fields\": [\"Start date\", \"End date\"]}}]"}}, {"model": "admin.logentry", "pk": 41, "fields": {"action_time": "2020-06-12T14:04:34.740Z", "user": 1, "content_type": 15, "object_id": "2", "object_repr": "[2] Lieutenant Guillaume - Ryanair - install chez mcArnolds", "action_flag": 2, "change_message": "[{\"changed\": {\"fields\": [\"End date\"]}}]"}}, {"model": "admin.logentry", "pk": 42, "fields": {"action_time": "2020-07-23T13:27:35.102Z", "user": 1, "content_type": 14, "object_id": "21", "object_repr": "[21] Lieutenant Guillaume - Ryanair - donner acc\u00e8s \u00e0 McArnolds - done", "action_flag": 2, "change_message": "[{\"changed\": {\"fields\": [\"Task done\"]}}]"}}, {"model": "admin.logentry", "pk": 43, "fields": {"action_time": "2020-07-23T13:28:02.891Z", "user": 1, "content_type": 14, "object_id": "21", "object_repr": "[21] Lieutenant Guillaume - Ryanair - donner acc\u00e8s \u00e0 McArnolds - done", "action_flag": 2, "change_message": "[{\"changed\": {\"fields\": [\"Tags\", \"Task done\"]}}]"}}, {"model": "admin.logentry", "pk": 44, "fields": {"action_time": "2020-07-23T13:35:58.476Z", "user": 1, "content_type": 15, "object_id": "17", "object_repr": "[17] TADA - YEAR 1 - task1", "action_flag": 3, "change_message": ""}}, {"model": "admin.logentry", "pk": 45, "fields": {"action_time": "2020-07-23T13:35:58.524Z", "user": 1, "content_type": 15, "object_id": "27", "object_repr": "[27] TADA - YEAR 1 - task2", "action_flag": 3, "change_message": ""}}, {"model": "admin.logentry", "pk": 46, "fields": {"action_time": "2020-07-23T13:35:58.577Z", "user": 1, "content_type": 15, "object_id": "26", "object_repr": "[26] TADA - YEAR 1 - task2", "action_flag": 3, "change_message": ""}}, {"model": "admin.logentry", "pk": 47, "fields": {"action_time": "2020-07-23T13:35:58.717Z", "user": 1, "content_type": 15, "object_id": "25", "object_repr": "[25] TADA - YEAR 1 - task2", "action_flag": 3, "change_message": ""}}, {"model": "admin.logentry", "pk": 48, "fields": {"action_time": "2020-07-23T13:35:58.843Z", "user": 1, "content_type": 15, "object_id": "24", "object_repr": "[24] TADA - YEAR 1 - task2", "action_flag": 3, "change_message": ""}}, {"model": "admin.logentry", "pk": 49, "fields": {"action_time": "2020-07-23T13:35:58.968Z", "user": 1, "content_type": 15, "object_id": "23", "object_repr": "[23] TADA - YEAR 1 - task2", "action_flag": 3, "change_message": ""}}, {"model": "admin.logentry", "pk": 50, "fields": {"action_time": "2020-07-23T13:35:59.107Z", "user": 1, "content_type": 15, "object_id": "22", "object_repr": "[22] TADA - YEAR 1 - task2", "action_flag": 3, "change_message": ""}}, {"model": "admin.logentry", "pk": 51, "fields": {"action_time": "2020-07-23T13:35:59.288Z", "user": 1, "content_type": 15, "object_id": "21", "object_repr": "[21] TADA - YEAR 1 - task2", "action_flag": 3, "change_message": ""}}, {"model": "admin.logentry", "pk": 52, "fields": {"action_time": "2020-07-23T13:35:59.357Z", "user": 1, "content_type": 15, "object_id": "20", "object_repr": "[20] TADA - YEAR 1 - task2", "action_flag": 3, "change_message": ""}}, {"model": "admin.logentry", "pk": 53, "fields": {"action_time": "2020-07-23T13:35:59.531Z", "user": 1, "content_type": 15, "object_id": "19", "object_repr": "[19] TADA - YEAR 1 - task2", "action_flag": 3, "change_message": ""}}, {"model": "admin.logentry", "pk": 54, "fields": {"action_time": "2020-07-23T13:35:59.818Z", "user": 1, "content_type": 15, "object_id": "18", "object_repr": "[18] TADA - YEAR 1 - task2", "action_flag": 3, "change_message": ""}}, {"model": "admin.logentry", "pk": 55, "fields": {"action_time": "2020-07-23T13:36:00.000Z", "user": 1, "content_type": 15, "object_id": "8", "object_repr": "[8] test2 - projet1-client1 - test task", "action_flag": 3, "change_message": ""}}, {"model": "admin.logentry", "pk": 56, "fields": {"action_time": "2020-07-23T13:36:00.117Z", "user": 1, "content_type": 15, "object_id": "36", "object_repr": "[36] TADA - YEAR 1 - thdg", "action_flag": 3, "change_message": ""}}, {"model": "admin.logentry", "pk": 57, "fields": {"action_time": "2020-07-23T13:36:00.277Z", "user": 1, "content_type": 15, "object_id": "35", "object_repr": "[35] TADA - YEAR 1 - thdg", "action_flag": 3, "change_message": ""}}, {"model": "admin.logentry", "pk": 58, "fields": {"action_time": "2020-07-23T13:36:00.443Z", "user": 1, "content_type": 15, "object_id": "34", "object_repr": "[34] TADA - YEAR 1 - thdg", "action_flag": 3, "change_message": ""}}, {"model": "admin.logentry", "pk": 59, "fields": {"action_time": "2020-07-23T13:36:00.673Z", "user": 1, "content_type": 15, "object_id": "33", "object_repr": "[33] TADA - YEAR 1 - thdg", "action_flag": 3, "change_message": ""}}, {"model": "admin.logentry", "pk": 60, "fields": {"action_time": "2020-07-23T13:36:00.845Z", "user": 1, "content_type": 15, "object_id": "32", "object_repr": "[32] TADA - YEAR 1 - thdg", "action_flag": 3, "change_message": ""}}, {"model": "admin.logentry", "pk": 61, "fields": {"action_time": "2020-07-23T13:36:00.987Z", "user": 1, "content_type": 15, "object_id": "31", "object_repr": "[31] TADA - YEAR 1 - thdg", "action_flag": 3, "change_message": ""}}, {"model": "admin.logentry", "pk": 62, "fields": {"action_time": "2020-07-23T13:36:01.202Z", "user": 1, "content_type": 15, "object_id": "30", "object_repr": "[30] TADA - YEAR 1 - thdg", "action_flag": 3, "change_message": ""}}, {"model": "admin.logentry", "pk": 63, "fields": {"action_time": "2020-07-23T13:36:01.436Z", "user": 1, "content_type": 15, "object_id": "29", "object_repr": "[29] TADA - YEAR 1 - thdg", "action_flag": 3, "change_message": ""}}, {"model": "admin.logentry", "pk": 64, "fields": {"action_time": "2020-07-23T13:36:01.860Z", "user": 1, "content_type": 15, "object_id": "28", "object_repr": "[28] TADA - YEAR 1 - thdg", "action_flag": 3, "change_message": ""}}, {"model": "admin.logentry", "pk": 65, "fields": {"action_time": "2020-07-23T13:36:22.839Z", "user": 1, "content_type": 15, "object_id": "38", "object_repr": "[38] Lieutenant Guillaume - Ryanair - donner acc\u00e8s \u00e0 McArnolds", "action_flag": 2, "change_message": "[{\"changed\": {\"fields\": [\"Close date\"]}}]"}}]